MaKH,NgayLap,TongTien
Nguyễn Văn Cường,2025-07-01 08:00:00,247359
Lê Thị Bống,2025-07-02 08:30:00,152000
Trần Văn Tài,2025-07-03 09:00:00,186500
Phạm Thị Hoa,2025-07-04 10:32:11,330000
Đặng Minh Nhật,2025-07-05 10:32:11,415000
Ngô Thị Bích,2025-07-06 10:32:11,239000
Lý Minh Tuấn,2025-07-07 10:32:11,194500
Vũ Thị Lan,2025-07-08 09:15:23,267300
Hoàng Quốc Việt,2025-07-09 10:05:45,175000
Nguyễn Thị Kim Ngân,2025-07-10 08:47:30,312000
Trần Thị Thu Hà,2025-07-11 09:28:00,298000
Lê Quang Dũng,2025-07-12 08:12:14,423000
Phan Thị Yến,2025-07-13 10:22:37,157000
Đỗ Văn Hòa,2025-07-14 11:10:49,184000
Nguyễn Hữu Phúc,2025-07-15 09:05:17,401000
Trịnh Thị Thanh,2025-07-16 10:40:55,280000
Bùi Văn Hưng,2025-07-17 08:34:21,325500
Lâm Thị Mai,2025-07-18 10:18:09,264000
Trương Quốc Anh,2025-07-19 08:25:33,190000
Võ Thị Tuyết,2025-07-20 11:00:44,209000
Đào Thị Hạnh,2025-07-21 09:48:00,350000
Đinh Văn Long,2025-07-22 08:05:00,197000
Tô Thị Hường,2025-07-23 09:30:00,255000
Lê Văn Đạt,2025-07-22 08:55:15,313000
Phạm Quốc Khánh,2025-07-21 10:10:10,177000
Trần Thị Duyên,2025-07-20 08:45:45,267000
Nguyễn Đức Lâm,2025-07-19 09:11:22,230000
Đoàn Thị Thảo,2025-07-18 08:08:08,149000
Mai Văn Sơn,2025-07-19 11:11:11,420000
Phan Thị Ngọc,2025-07-16 09:09:09,375000
Nguyễn Nhật Minh,2025-07-15 10:30:00,188000
Bùi Thị Thanh Hằng,2025-07-15 08:30:30,299000
Lê Đình Thắng,2025-07-20 10:45:00,205500
Trần Nhật Quang,2025-07-21 09:00:00,248000
Lý Thị Xuân,2025-07-19 10:10:10,189000
Nguyễn Tuấn Kiệt,2025-07-22 08:50:50,258000
Phạm Thị Hương Giang,2025-07-18 09:45:45,310000
Đinh Văn Hào,2025-07-19 11:05:05,203000
Hồ Thị Thuý,2025-07-18 09:15:15,333000
Ngô Minh Khoa,2025-07-19 10:25:25,290000
Vũ Thị Hồng Nhung,2025-07-22 08:35:35,341000
Trần Văn Bình,2025-07-21 08:45:45,182000
Nguyễn Thị Hậu,2025-07-18 10:55:55,354000
Lê Minh Khánh,2025-07-19 08:22:22,221000
Hoàng Thị Hồng,2025-07-17 09:33:33,268000
Tạ Văn Cường,2025-07-21 10:44:44,177500
Nguyễn Trung Hiếu,2025-07-19 08:12:12,315000
Đoàn Văn Phúc,2025-07-16 09:09:09,199000
Nguyễn Thị Thu,2025-07-22 10:10:10,387000